YOLO,DE,FR,NL,CH,BE
arrow_left_down,DE:222-10,FR:B21a2,NL:D02-LO,CH:2.35,BE:D1c
arrow_left_rect,DE:220-10,,NL:C04-L,,
arrow_left,DE:211-10,FR:B21-2,,CH:2.33,BE:D1g
arrow_right_down,DE:222,FR:B21a1,NL:D02-RO,CH:2.34,BE:D1d
arrow_right_rect,DE:220-20,,NL:C04-R,,
arrow_right,DE:211,FR:B21-1,,CH:2.32,BE:D1f
arrow_through,DE:209-30,FR:B21b,NL:D04,CH:2.36,BE:D1a
arrow_turn_left_right,DE:214-30,FR:B21e,NL:D07,CH:2.39,BE:D3c
arrow_turn_left_through,DE:214-10,FR:B21d1,NL:D06-L,CH:2.41,BE:D3a
arrow_turn_left,DE:209-10,FR:B21c2,NL:D05-L,CH:2.38,BE:D1e
arrow_turn_right_through,DE:214,FR:B21d2,NL:D06-R,CH:2.40,BE:D3b
arrow_turn_right,DE:209,FR:B21c1,NL:D05-R,CH:2.37,BE:D1f
arrow_u_turn,,,NL:D08,,
arrow:red,DE:625-10,,,,
bicycle:end,,FR:B40,NL:G12,CH:2.60.1,
bicycle:priority,,,NL:L1002-A,,BE:F111
bicycle:priority:end,,,NL:L1002-B,,BE:F113
bicycle:start,DE:237,FR:B22a,NL:G11,CH:2.60,BE:D7
bicycle_ebike:end,,,NL:G12-B,,
bicycle_ebike:start,,,NL:G12-A,,
bothways,,,NL:C05,,
bus:start,DE:245,FR:B27a,NL:F13,CH:2.64,
bus:stop,DE:224,FR:B45a,NL:F14,,
chains,DE:268,FR:B26,,CH:2.48,
chains:end,,FR:B44,,CH:2.57,
city:end,,FR:EB20,,,BE:F3
city:start,,FR:EB10,,,BE:F1
customs,,FR:B4,,CH:2.51,
escape_lane,,FR:C26,,CH:4.24,BE:F95
exit,DE:460,,NL:BW207,CH:4.63,
give_way,DE:205,FR:AB3,NL:B06,CH:3.02,BE:B1
halt,,FR:B5,,,
hazard,DE:101,FR:A14,NL:J37,CH:1.30,BE:A51
hazard:airport,DE:101-x0,FR:A23,NL:J30,CH:1.28,BE:A35
hazard:animals,DE:101-x2,FR:A15a1,NL:J28,CH:1.25,BE:A29
hazard:animals:sheep,,FR:A15a2,,,
hazard:bicycle,DE:138,FR:A21,NL:J24,CH:1.32,BE:A25
hazard:bothways,DE:125,FR:A18,NL:J29,CH:1.26,BE:A39
hazard:bump,,FR:A2b,NL:J38,,BE:A14
hazard:bumps,DE:112,FR:A2a,NL:J01,CH:1.06,BE:A13
hazard:bus,,FR:A9a,,,
hazard:crossing,DE:102,FR:AB1,NL:J08,CH:3.06,BE:17
hazard:dock,DE:101-53,FR:A20,NL:J26,,BE:A11
hazard:fire,,FR:C3,,,
hazard:fog,,FR:AK32,,,BE:A18
hazard:frog,DE:101-x4,,NL:J1002,,
hazard:gravel,DE:101-52,FR:AK22,NL:J25,CH:1.12,BE:A17
hazard:horse,DE:101-x3,FR:A15c,,CH:1.24a,
hazard:ice,DE:101-51,,NL:J36,,
hazard:incline:up,DE:108,,NL:J06,CH:1.11,BE:A5
hazard:incline:down,DE:110,FR:A16,NL:J07,CH:1.10,BE:A3
hazard:intersection,DE:301,FR:AB2,NL:B03,CH:3.05,BE:15
hazard:intersection:left,,,NL:B04,,
hazard:intersection:right,,,NL:B05,,
hazard:level_crossing,DE:150,FR:A7,NL:J10,CH:1.15,BE:A41
hazard:moving_bridge,DE:101-55,FR:A6,NL:J15,,BE:A9
hazard:narrow_both,DE:120,FR:A3,NL:J17,CH:1.07,BE:A7a
hazard:narrow_left,DE:121-20,FR:A3b,NL:J19,CH:1.09,BE:A7b
hazard:narrow_right,DE:121-10,FR:A3a,NL:J18,CH:1.08,BE:A7c
hazard:pedestrian_crossing,DE:101-x1,FR:A13b,NL:J22,CH:1.22,BE:A21
hazard:pedestrian,DE:133,,NL:J23,,
hazard:rain,,,NL:J35,,
hazard:road_works,DE:123,FR:AK5,NL:J16,CH:1.14,BE:A31
hazard:rocks,DE:101-x5,FR:A19,NL:J1004,CH:1.13a,BE:A19
hazard:roundabout,,FR:AB25,NL:J09,,
hazard:school,DE:136,FR:A13a,NL:J21,CH:1.23,BE:A23
hazard:slippery,DE:114,FR:A4,NL:J20,CH:1.05,BE:A15
hazard:soft_shoulder,,,,,BE:A8
hazard:traffic_jam,DE:124,,NL:J33,CH:1.31,BE:A50
hazard:traffic_signal,DE:131,FR:A17,NL:J32,CH:1.27,BE:A33
hazard:train,DE:151,Fr:A8,NL:J11,CH:1.16,BE:A43
hazard:train2,DE:151,,,,
hazard:tram,,FR:A9,NL:J14,CH:1.17,BE:A49
hazard:trees,DE:101-54,,,,
hazard:left_turn,DE:103-10,FR:A1b,NL:J03,CH:1.02,BE:A1a
hazard:right_turn,DE:103-20,FR:A1a,NL:J02,CH:1.01,BE:A1b
hazard:wild_animals,DE:142,FR:A15b,NL:J27,CH:1.24,BE:A27
hazard:wind,DE:117,FR:A24,NL:J31,,BE:A37
hazard:zigzag,DE:105-20,FR:A1c,NL:J04,CH:1.03,BE:A1c
hazard:zigzag:left,DE:105-10,FR:A1d,NL:J05,CH:1.04,BE:A1d
hgv:end,,,NL:F22,,
hgv:start,,,NL:F21,,
horse:end,,FR:B42,NL:G10,,
horse:start,DE:238,FR:B22c,NL:G09,CH:2.62,BE:D13
information,,FR:CE3a,NL:SI04,CH:4.88,BE:F77
info:radio,,FR:CE22,,CH:4.90,BE:F93
lanes,DE:223,FR:C28,,,
maxaxleweight,DE:263,FR:B13a,NL:C20,CH:2.17,
maxheight,DE:265,FR:B12,NL:C19,CH:2.19,BE:C27
maxlength,DE:266,FR:B10a,NL:C17,CH:2.20,BE:C25
maxspeed:10,DE:274-10,FR:B14[10],NL:A01-10,CH:2.30[10],BE:C43[10]
maxspeed:100,DE:274-100,FR:B14[100],NL:A01-100,CH:2.30[100],BE:C43[100]
maxspeed:110,DE:274-110,FR:B14[110],NL:A01-110,CH:2.30[110],BE:C43[110]
maxspeed:120,DE:274-120,FR:B14[120],NL:A01-120,CH:2.30[120],BE:C43[120]
maxspeed:130,DE:274-130,FR:B14[130],NL:A01-130,CH:2.30[130],BE:C43[130]
maxspeed:15,DE:274-15,FR:B14[15],NL:A01-15,CH:2.30[15],BE:C43[15]
maxspeed:20,DE:274-20,FR:B14[20],NL:A01-20,CH:2.30[20],BE:C43[20]
maxspeed:25,DE:274-25,FR:B14[25],NL:A01-25,CH:2.30[25],BE:C43[25]
maxspeed:30,DE:274-30,FR:B14[30],NL:A01-30,CH:2.30[30],BE:C43[30]
maxspeed:40,DE:274-40,FR:B14[40],NL:A01-40,CH:2.30[40],BE:C43[40]
maxspeed:5,DE:274-5,FR:B14[5],NL:A01-5,CH:2.30[5],BE:C43[5]
maxspeed:50,DE:274-50,FR:B14[50],NL:A01-50,CH:2.30[50],BE:C43[50]
maxspeed:60,DE:274-60,FR:B14[60],NL:A01-60,CH:2.30[60],BE:C43[60]
maxspeed:70,DE:274-70,FR:B14[70],NL:A01-70,CH:2.30[70],BE:C43[70]
maxspeed:80,DE:274-80,FR:B14[80],NL:A01-80,CH:2.30[80],BE:C43[80]
maxspeed:90,DE:274-90,FR:B14[90],NL:A01-90,CH:2.30[90],BE:C43[90]
maxspeed:end,DE:278,FR:B33,NL:A02,CH:2.53,BE:C45
maxweight,DE:262,FR:B13,NL:C21,CH:2.16,BE:C21
maxwidth,DE:264,FR:B11,NL:C18,CH:2.18,BE:C27
min_distance,DE:273,FR:B17,,CH:2.47,
min_speed,,FR:B25,,CH:2.31,
min_speed:end,,FR:B43,,CH:2.54,
motorway:end,DE:330.2,FR:C,NL:G02,CH:4.02,BE:F7
motorway:start,DE:330.1,,NL:G01,CH:4.01,BE:F5
no_agriculture,DE:257-58,FR:B9d,NL:C08,,BE:C8
no_animals,DE:257-53,,,,
no_bicycle,DE:254,FR:B9b,NL:C14,CH:2.05,BE:C11
no_bus,DE:257-54,FR:B9f,NL:C07-A,CH:2.08,BE:C22
no_car_motorcycle,DE:260,FR:B7a,NL:C12,,
no_car_trailer,DE:257-56,FR:B9i,,,BE:C30
no_car,DE:251,,NL:C06,CH:2.03,BE:C5
no_dangerous_liquid,DE:269,FR:B18b,,CH:2.11,BE:C24c
no_dangerous,DE:261,FR:B18c,NL:C22,CH:2.10.1,BE:C24a
no_dangerous_explosive,,FR:B18a,,,BE:C24b
no_entry,DE:267,FR:B1,NL:C02,CH:2.02,BE:C1
no_exit,DE:357,FR:C13a,NL:L08,CH:4.09,BE:F45
no_exit:car,DE:357-5x,FR:C13d,,CH:4.10,BE:F45b
no_hgv_trailer,DE:257-57,,,,
no_hgv,DE:253,FR:B8,NL:C07,CH:2.07,BE:C23
no_horn,,FR:B16,,,
no_horse,DE:257-51,,,CH:2.12,BE:C15
no_horse_vehicle,,,,,BE:C13
no_moped,DE:257-50,,NL:C13,CH:2.06,BE:C9
no_motorcycle,DE:255,,NL:C11,CH:2.04,BE:C7
no_motorhome,,,NL:C07-C,,
no_motor_vehicle,,,,CH:2.14,
no_motor_vehicle2,,,,CH:2.13,
no_overtaking,DE:276,FR:B3,NL:F01,CH:2.44,BE:C35
no_overtaking:end,DE:280,,NL:F02,CH:2.55,BE:C37
no_overtaking:hgv,DE:277,FR:B3a,NL:F03,CH:2.45,BE:C39
no_overtaking:end:hgv,DE:281,,NL:F04,CH:2.56,BE:C41
no_parking,DE:286,FR:B6a1,NL:E01,CH:2.50,BE:E1
no_parking:1-15,,FR:B6a2,,,BE:E5
no_parking:16-31,,FR:B6a3,,,BE:E7
no_pedestrian,DE:259,FR:B9a,NL:C16,CH:2.15,BE:C19
no_roller,,,,CH:2.15.3,
no_sledging,,,,CH:2.15.2,
no_skiing,,,,CH:2.15.1,
no_stop,DE:283,FR:B6d,,CH:2.49,BE:E3
no_trailer,,FR:B9i,NL:C10,CH:2.09,
no_turn:left,,FR:B2a,,CH:2.43,BE:C31a
no_turn:right,,FR:B2b,,CH:2.42,BE:C31b
no_u_turn,DE:272,FR:B2c,NL:F07,CH:2.46,BE:C23
no_way,DE:250,FR:B0,NL:C01,CH:2.01,BE:C3
no:end,DE:282,FR:B31,NL:F08,CH:2.58,BE:C46
oneway,,,NL:C03,CH:4.08,BE:F19
oneway:left,DE:220-10,,NL:C04-L,,
oneway:right,DE:220-20,,NL:C04-R,,
park_ride,DE:316,,,,
parking,DE:314,FR:C1a,NL:E04,CH:4.17,BE:E9a
parking:bicycle,,,NL:E08-9,,
parking:bus,,,NL:E08-4,,BE:E9d
parking:car,,,NL:E08,,BE:E9b
parking:card,,,NL:E102-2,,
parking:carpool,,,NL:E13,,
parking:charging,,,NL:E1005,,
parking:charging:car,,,NL:E1000,,
parking:charging:bicycle,,,NL:E1001,,
parking:charging:moped,,,NL:E1002,,
parking:covered,DE:314-50,,,CH:4.21,
parking:delivery,,,NL:E07,,
parking:disabled,"DE:314,1044-10",,NL:E06,,BE:E9a-disabled
parking:disc,,FR:C1b,,CH:4.18,BE:E9a-disc
parking:ebike,,,NL:E08-7,,
parking:hgv,,,NL:E08-3,,BE:E9c
parking:meter,,FR:C1c,,CH:4.20,
parking:moped,,,NL:E08-17,,
parking:motorcycle,,,NL:E08-6,,BE:E9i
parking:motorhome,,,,,BE:E9h
parking:park_ride,,,NL:E12,CH:4.25,
parking:payment,,,NL:E101-2,,
parking:pedestrian,DE:317,,,,
parking:perpendicular,,,,,
parking:police,,,NL:E08-11,,
parking:sidewalk,DE:315,,NL:E08-1,,
parking:taxi,DE:229,FR:C5,NL:E05,,
parking:women,,,NL:E08-15,,
pedestrian:end,,FR:B41,NL:G08,,
pedestrian:start,,,NL:G07,,
pedestrian_bicycle:designated,DE:241,,,CH:2.63,BE:D9
pedestrian_bicycle:start,DE:240,,,CH:2.63.1,BE:D10
pedestrian_crossing,DE:350,FR:C20a,NL:L02,CH:4.11,
pedestrian:start,DE:239,FR:B22b,NL:B01,CH:2.61,BE:D11
priority:backward,DE:208,FR:B15,NL:F05,CH:3.09,BE:B19
priority:end,DE:307,FR:AB7,NL:B02,CH:3.04,BE:B11
priority:forward,DE:308,FR:C18,NL:F06,CH:3.10,BE:B21
priority:start,DE:306,FR:AB6,,CH:3.03,BE:B9
rest,DE:328,FR:C8,NL:L14,,BE:F98
roundabout,DE:215,,NL:D01,CH:2.41.1,BE:D5
speed,DE:275,FR:C4a,NL:A04,,
speed:end,DE:279,FR:C4b,NL:A05,,
speed_camera,,,NL:L215,,
pedestrian:underpass,,,,CH:4.12,BE:F51a
pedestrian:overpass,,,NL:L301,CH:4.13,BE:F51b
stop,DE:206,FR:AB4,NL:B07,CH:3.01,BE:B5
traffic_calming,,FR:C27,,,
traffic_signal,DE:131,,,,
traffic_signal:other,,,,,
tram:end,,,NL:F16,,
tram:start,,,NL:F15,,
trunk:end,DE:331.2,,NL:G04,CH:4.04,BE:F11
trunk:start,DE:331.1,,NL:G03,CH:4.03,BE:F9
tunnel:end,,FR:C112,,,
tunnel:start,DE:327,FR:C111,NL:L13,CH:4.07,BE:F8
zone:20,DE:274.1-20,,NL:A01-20-ZB,,
zone:30,DE:274.1,FR:B30,NL:A01-30-ZB,CH:2.59.1,BE:F4a
zone:30:end,DE:274.2,FR:B51,,,BE:F4b
zone:calm,DE:325.1,FR:B52,NL:G5,CH:2.59.5a,BE:F12a
zone:calm:end,DE:325.2,FR:B53,NL:G6,CH:2.59.6a,BE:F12b
zone:end,,,,,
zone:low_emission,DE:270.1,FR:B56,,,BE:F117
zone:low_emission:end,DE:270.2,FR:B57,,,BE:F118
zone:no_parking,DE:290.1,FR:B6b1,NL:E01-ZB,CH:2.59.1e,
zone:no_parking:end,DE:290.2,FR:B50a,NL:E01-ZE,CH:2.59.2e,
zone:parking,DE:314.1,,,CH:2.59.1c,
zone:parking:end,DE:314.2,,,CH:2.59.2c,
zone:pedestrian,DE:242.1,FR:B54,,CH:2.59.3b,
zone:pedestrian:end,,FR:B55,,CH:2.59.4b,
zone:parking:disc,,FR:B6b3,,,
zone:parking:meter,,FR:B6b4,,,
zone:parking:alternate,,FR:B6b2,,,
other:motorhome,DE:365-67,,,,
